domain,count
qkpbuuzptkybuczwwhtj.ozathicjidzmhcsaleus.tpgebytmmhurdmndlymf.pzxdlzolywcxxatpwavj.pzljstodgtxhfspaoifj.lqzjyvqggketovpwkfee.com,1
tbdugtgrdmycgiufgjrp.ahjckyslagqxrhlnxzfq.scluowcmgfixcakoefao.hbeaawgmogxjnnauxzit.hxlxycbzeoukfohiiayd.auqkwcjknvugshguypkx.com,1
iluvlbtttyopdjpmwvwi.oertrqtbvxznzdelyadc.nqnvchqytluwpbjrlzbw.jggnwmsbkoibzavtclhz.com,1
npkmmzmdisebqfbdgrfh.pfejqtkqejmuuluygxjz.xlwlbekacgonkxifqtsu.evaapvzaymvqtjkqyzqw.hywxjncgxszkycakvdok.hotmkrdodnbqjbhrrcjt.com,1
owjynwemveyueggfuxdm.lotcrxzrkkvizivorxua.lxkxfzehhkxeijykqrhw.zkdhrldcswptbjlnhyez.xovfdeeirjvzvgnpndtk.com,1
sxmhvylgvekkxilqryxk.akcdutfnohzzbfwlpncw.ngekfbybirxwooojsmff.uomsomgajoaqwgftmsjf.clxfycjmoauinsaiaavi.com,1
prihouwbgndmhnlbuisp.khjmcqsghfjnedmkqpyw.ffjzmyzwgfksgouozfja.gsourlyutpqmnumvyazx.fhnbeeikrnkrwsabwyrn.com,1
ehbddcrsznnmayzwgsvb.larvwatosgrutjhzkqml.hfogcjiutegvoptlwyfw.nznwiiuryzfjtlobxmzq.swmuutisdmklppataafb.bzyhafjnfqiijjpxhxfp.gouclnmigoosxykdagsg.com,1
baczpofxloerwhzsadzq.puoootwtmtpvgwwyembq.omnbiyiolnddgksskpco.ikafohlkfmbdouffiiyg.zpgyjjcxqpducyqlbwyn.com,1
cqudpmmbexaoacsfmujl.shdtcinxwpmrazxszrpi.echnfkcrborblwuqnjcw.lyfnptxjouvegmnhuubf.com,1
tisghpgzvayyeboxczsu.xvwnnapyupqrmbynwjhv.uczhlfjgfbxyyybxebsx.sxynqhmpfdmsfjlczkcn.com,1
eqxrjqyzusmsnlufugfa.dcjjxozcolpdltgiwqly.pacfpukyxxqxdkstjbcc.qitebtxpqfyqfptrhmvj.ecdgucpojblepokfnotv.sidirohpeenouztlogtu.bugbfjjyakzmnegdzsvo.com,1
lxbzxvkhtubwgrlwskhv.laluwzdrlqidirqqcqdi.ekczubikrvqsksjrmuju.fmnrhntnvtcrohfuvxco.cmvvhwapiwgepengmdty.egqdlkicsngmhvytpqmq.com,1
ryqsrzddreermhenychc.cywqdvoftsfzxtvxrcud.awbrzxpiiiskhdsaodzk.xttlkhlilqtagaouzyvt.wmdywqvzwsqjkmmrzqbb.qlagyvdrsqwlebwnfcxw.tkkrbprbdkpiunkrsvil.com,1
jhgkttiijggsnkuoypqp.ntlyltelrrdtnfzalpbj.mipvyhjbreiyzatmlzka.ifwpucecwgjyltofhtiw.fxwifymzfseggvamthpj.jxktlgebdkhrhkghmzke.zwuhuwyrcgqqtlbpichv.com,1
hhukokpkjxivykqbyhnu.xnyfxwyweyuxdhfrkrjq.hyadkxnhzrtfttemawcq.gppagpbjcxsmabuuewzm.wdzutnujypicusgpvubx.ldifzteruomvpdrcvcwy.com,1
kqkwnrvzmfdxlyxwcrzp.fsdkamkispztyxxnwfnu.uyrskvuyssygpveycwcy.wmywcscftmnphwvuyztf.jnefqmerppzqrnqnllfc.qtetwpzsvwaovzmudxjx.com,1
ogboggtnumgqisehsetz.vhgrkghxcybnmvnlngda.pipkraweusqbntscttfs.zqftriqonakrvgutfzhr.kjijebilomyeejykqhez.swppxjoijacgkwgiyvfr.ezofibmvvqsjfgahnhfr.com,1
lxvygskfjqntwvhdgaqy.qknsbsycqqbingtimtxh.zuuyazlotypfonyoqqky.uuphwwmyhbgvutjkgmni.wetjmzchgmxzmgpdcpiz.ieqkhbxbuteacqnnkxvs.rzfdoudyuotzcifldsys.com,1
zphvnisfurjpgpbagrir.ksfrnzxamsqqerklvogt.yuwwwtgslyjjfnhcxsrb.jusitxmumplawayjftis.uyczanvjmdxiggkfneyi.rmryjnbcfacvvdmkzhib.qtqvpgrynvdpsnggwjlq.com,1
iuhkspdzofuwkdcaikou.gvqzjrumwdlcvvkjmquf.prtehafmjcuaxcmskmvk.lnlqikfjzsbxpsfxjbch.aayttaqjefptqpsikpdh.com,1
rtbnbupqutgcbolwipkl.vonduuhjrxfxmdipepob.zuvkixcxuabmldigjeak.nspekckgovrhlrgaxtna.dshysbvkkrhjnqdsjfjy.avgauzngzdzrjwqbdbda.com,1
whveozpsarchmaljkhti.grgwrkxloepieeajmfph.nbzqfzyprusxivuxyxdg.ctyzljksmgzkzpohqrtj.zjpjdvduypfmogmwlpsz.jxaqkoydzalxqnrynhsy.gldjngcelujywkxihrhp.com,1
vlzvykyakmwqtghlfwan.puepffusqxxecpzojfuk.mdtcfakidqgxsgfyqswl.pgyqfpnhjyjspxzevbtc.com,1
dcucaqdvgpftxhfhydjn.vhizfwzmqgbyrhmlloeu.ievukrkozqqcbaqqazro.zujuvsfevavfikrzliqn.erahnebdtvsuznyxdbtr.iykndseebdalgyuytxhw.com,1
rikggpebndetbzatqmkm.qxaklnyjnefuxvewisqm.pkcwipluwwwhwzjrvbgx.wlgncbhaudtlndqxaaxa.fcocczkbuqtwxwzkmice.com,1
tbinfmehcvwdqxucpkqb.kjnikhidvccqkktucgkm.bydyqizupxvtuqnrxsne.odwmbneblfpxqiiaipse.ctyrcvnvkratsoqeqtlr.xmcyitvwzulhxvqakbpd.com,1
cbxriyraupgegdhfmghl.igjkjqmdstjofncuoxee.vcwgfuuvmqphwfxvkuye.rsmhkfkakrfpvqflvspe.yzijdkubzpfriffignhq.com,1
nsxtkfeblxtkxiymqtwh.twezqvmnlpscxetkdzhk.blaxjoieehhdvrsmoaya.phvhojgbgmuunognvdwb.awfhfgxkknjzaeabbbdb.wkudhhawuklevfowvnvi.twgdejcorftxtvkwzuiu.com,1
vfpbpfsjhlyuiayldjxw.gmssthxjvyamzkbhhefg.kfhfenaizsjjybuklnsp.fppjyolnsnovqttynhlg.hehngbikmmifgkgemaja.ozxxzmclsrcvffvmgnbo.pvntedrtspawmkbbvovm.com,1
dzgvdlmeqvwarrwdwikv.tjxesuorqncatzxuqqjw.vhzkejcoxleijwhtdmmu.rfsvljnnjwntregmrfck.qdxluzvwgcqzfntbthlr.com,1
kbzsaymzffslytmzrmqm.gczstvecmyjkucxndqae.aucqzfxxvqncaottrbkh.apdotcjcckmcybmpzghz.com,1
fachyhydyzinanplwsjg.mejrkzqlsltoevlaneyl.ehynoahdkdzfptfmgqbz.jqlbriiiysfqcrmhkoiv.com,1
rodjoduukgujzmqicwvt.vgigxcqrirrmsxxqgqev.dbdezmtywuyuchzbrtcb.nkmekdjaqcbdrrngykmx.com,1
jpnujnrilqpoojgzbjni.dmywddvjqtilucwjgxof.bywujffixzunhziwxkfv.jlnhgfsnyhdhatxsgckt.radrvkumvxpphxyfmysm.ooyppfrmgnvkrahgffuv.com,1
vrzotbmhtwgpyxrculvf.elzkfjzmxxedwffkiakn.djldarydmcthrzcdvgxi.sxfdhlfbkktqhkmrytee.com,1
jqhompsojelqxkvjkjkm.tpsrvplelxurucppluca.fdxtkfnffnxuxdfxypub.soznwnfbxmjvtmfoosfh.com,1
tmyrytvjdjhyprwkiqgq.qstlazshvbjvpzvxmhkf.bopzmhszxdeisanexouu.mefnkzdgubipjbtnmoik.lwwxqojbynhovykidxzf.jzyztrmytstemnuictpd.vivrucnsosrjqvhmmowe.com,1
joxwwrnpwwaqaltknwey.yyxxrzzyscimiakrxmjw.grqcneuxzjfufeoeseas.oryrkdtkkrprimefmwxq.wpofyhnrkyimkhfnxadv.eutydmmyaqypfxlekwiw.com,1
ncrmxfnlarckluhuotbn.vsohyvnndkbzcmscccep.tvsudesarjvzxhyjjjcq.oeglivzowihwrfumoqac.yshspvqzmazcuzkfgddc.vzzehzfomcfrhovaatmq.evvvftyuhbruiyezemcf.com,1
